City_ID,City,Country,Date,Lat,Lng,Max Temp,Humidity,Cloudiness,Wind Speed,Current Description
0,Biak,ID,2021-02-07 21:25:04,-0.9131,122.8766,77.13,79,100,2.01,overcast clouds
1,Saldanha,ZA,2021-02-07 21:25:04,-33.0117,17.9442,62.6,72,0,14.97,clear sky
2,Norman Wells,CA,2021-02-07 21:25:04,65.282,-126.8329,-20.2,69,40,3.44,scattered clouds
3,Punta Arenas,CL,2021-02-07 21:25:05,-53.15,-70.9167,73.4,21,0,14.97,clear sky
4,Guozhen,CN,2021-02-07 21:25:05,34.3659,107.359,40.14,61,0,1.83,clear sky
5,Hermanus,ZA,2021-02-07 21:25:05,-34.4187,19.2345,64.99,78,8,4.88,clear sky
6,Ushuaia,AR,2021-02-07 21:21:02,-54.8,-68.3,62.6,55,75,6.91,broken clouds
7,Rikitea,PF,2021-02-07 21:25:06,-23.1203,-134.9692,77.4,73,97,13.04,overcast clouds
8,Pires Do Rio,BR,2021-02-07 21:25:06,-17.2997,-48.2794,72.19,90,100,7.25,overcast clouds
9,Santa Helena,BR,2021-02-07 21:25:06,-2.2311,-45.3,83.82,64,23,5.08,few clouds
10,Isangel,VU,2021-02-07 21:25:06,-19.55,169.2667,78.8,83,20,6.29,few clouds
11,Atuona,PF,2021-02-07 21:23:24,-9.8,-139.0333,79.47,75,18,21.61,few clouds
12,Cabo San Lucas,MX,2021-02-07 21:25:07,22.8909,-109.9124,75.0,56,20,12.66,few clouds
13,Codrington,AU,2021-02-07 21:25:07,-38.2667,141.9667,56.93,70,100,12.24,overcast clouds
14,Khatanga,RU,2021-02-07 21:25:07,71.9667,102.5,-30.3,80,0,10.11,clear sky
15,Ilulissat,GL,2021-02-07 21:25:07,69.2167,-51.1,24.8,39,0,5.75,clear sky
16,Vaini,TO,2021-02-07 21:23:18,-21.2,-175.2,78.8,89,75,13.8,light rain
17,Ajaccio,FR,2021-02-07 21:22:24,42.0,8.9167,51.8,71,75,9.22,broken clouds
18,Nauen,DE,2021-02-07 21:25:08,52.607,12.8737,21.99,75,100,1.01,light snow
19,Saint-Philippe,RE,2021-02-07 21:25:08,-21.3585,55.7679,80.6,74,90,12.35,light rain
20,Faya,SA,2021-02-07 21:25:09,18.3851,42.4509,57.2,44,0,11.5,clear sky
21,Geraldton,AU,2021-02-07 21:25:09,-28.7667,114.6,66.2,88,40,3.44,scattered clouds
22,Albany,US,2021-02-07 21:21:54,42.6001,-73.9662,30.99,72,100,1.25,overcast clouds
23,Jamestown,US,2021-02-07 21:20:25,42.097,-79.2353,15.01,73,90,14.97,light snow
24,Barrow,US,2021-02-07 21:25:10,71.2906,-156.7887,-25.6,68,20,9.22,few clouds
25,Kamenka,RU,2021-02-07 21:25:10,51.3223,42.7678,-7.06,91,14,9.84,few clouds
26,Saint-Georges,GD,2021-02-07 21:24:03,12.0564,-61.7485,80.6,78,75,11.5,broken clouds
27,East London,ZA,2021-02-07 21:25:11,-33.0153,27.9116,73.74,73,99,4.36,overcast clouds
28,Kapaa,US,2021-02-07 21:25:11,22.0752,-159.319,73.99,56,1,3.44,clear sky
29,Bluff,NZ,2021-02-07 21:25:11,-46.6,168.3333,58.26,73,97,5.21,light rain
30,Iralaya,HN,2021-02-07 21:25:12,15.0,-83.2333,81.72,67,11,9.33,few clouds
31,Cayenne,GF,2021-02-07 21:25:12,4.9333,-52.3333,80.6,83,90,13.8,overcast clouds
32,Henties Bay,NA,2021-02-07 21:25:12,-22.116,14.2845,64.99,86,99,5.01,overcast clouds
33,Constitucion,CL,2021-02-07 21:25:12,-35.3333,-72.4167,64.9,71,2,8.46,clear sky
34,Rognan,NO,2021-02-07 21:25:13,67.0953,15.3878,24.01,92,99,1.05,overcast clouds
35,Nowe Miasto Lubawskie,PL,2021-02-07 21:25:13,53.4208,19.5952,8.01,80,62,4.0,broken clouds
36,Hithadhoo,MV,2021-02-07 21:25:13,-0.6,73.0833,81.88,70,74,7.27,broken clouds
37,Byron Bay,AU,2021-02-07 21:25:13,-28.65,153.6167,77.0,65,40,12.66,scattered clouds
38,Georgetown,MY,2021-02-07 21:25:13,5.4112,100.3354,81.0,83,20,1.14,few clouds
39,Cape Town,ZA,2021-02-07 21:24:50,-33.9258,18.4232,69.01,68,0,18.41,clear sky
40,Resistencia,AR,2021-02-07 21:25:14,-27.4606,-58.9839,88.0,37,0,8.05,clear sky
41,Khakhea,BW,2021-02-07 21:25:14,-24.6895,23.494,69.48,85,29,8.93,scattered clouds
42,Port-Gentil,GA,2021-02-07 21:25:14,-0.7193,8.7815,78.8,89,20,4.74,light rain
43,Pisco,PE,2021-02-07 21:24:19,-13.7,-76.2167,77.0,73,75,10.36,broken clouds
44,Laguna,US,2021-02-07 21:25:15,38.421,-121.4238,66.0,48,1,3.44,clear sky
45,Itoman,JP,2021-02-07 21:25:15,26.1247,127.6694,62.6,67,20,6.91,few clouds
46,Nabire,ID,2021-02-07 21:25:16,-3.3667,135.4833,75.34,82,77,3.36,broken clouds
47,Northam,GB,2021-02-07 21:23:50,51.0333,-4.2167,36.0,73,27,14.0,scattered clouds
48,Lovozero,RU,2021-02-07 21:25:16,68.005,35.0117,13.1,95,100,13.76,light snow
49,Abu Samrah,SY,2021-02-07 21:25:16,35.3029,37.1841,51.55,87,1,6.15,clear sky
50,Tasiilaq,GL,2021-02-07 21:25:17,65.6145,-37.6368,26.6,50,0,14.97,clear sky
51,Saint Anthony,US,2021-02-07 21:25:17,45.0205,-93.218,-2.2,42,1,5.32,clear sky
52,Chokurdakh,RU,2021-02-07 21:25:17,70.6333,147.9167,-18.98,87,100,8.77,overcast clouds
53,Taltal,CL,2021-02-07 21:25:17,-25.4,-70.4833,69.37,62,29,7.9,scattered clouds
54,Hilo,US,2021-02-07 21:23:07,19.7297,-155.09,78.8,50,1,3.44,clear sky
55,Arraial Do Cabo,BR,2021-02-07 21:21:08,-22.9661,-42.0278,73.4,88,75,6.91,moderate rain
56,Saskylakh,RU,2021-02-07 21:25:18,71.9167,114.0833,-37.32,78,28,13.71,scattered clouds
57,Tura,IN,2021-02-07 21:25:18,25.5198,90.2201,57.27,46,5,2.91,clear sky
58,Charters Towers,AU,2021-02-07 21:25:19,-20.1,146.2667,77.9,85,100,8.14,overcast clouds
59,Lodingen,NO,2021-02-07 21:25:19,68.414,15.9951,26.6,74,75,2.3,broken clouds
60,Klaksvik,FO,2021-02-07 21:25:19,62.2266,-6.589,37.4,56,75,13.8,broken clouds
61,Puerto Ayora,EC,2021-02-07 21:25:19,-0.7393,-90.3518,82.4,74,75,12.66,light rain
62,Lagos,NG,2021-02-07 21:21:59,6.5833,3.75,84.2,84,40,8.05,scattered clouds
63,Tuktoyaktuk,CA,2021-02-07 21:25:20,69.4541,-133.0374,-27.4,75,75,17.27,snow
64,Mokrous,RU,2021-02-07 21:25:20,51.2333,47.5167,-5.46,90,45,11.9,scattered clouds
65,Emborion,GR,2021-02-07 21:25:20,40.4833,21.55,51.8,43,97,4.61,overcast clouds
66,Esperance,AU,2021-02-07 21:25:20,-33.8667,121.9,62.6,88,20,11.5,few clouds
67,Qaanaaq,GL,2021-02-07 21:24:20,77.484,-69.3632,12.56,85,59,6.87,broken clouds
68,Thompson,CA,2021-02-07 21:25:21,55.7435,-97.8558,-25.6,68,75,17.27,snow
69,Mahebourg,MU,2021-02-07 21:25:21,-20.4081,57.7,80.6,78,40,10.36,scattered clouds
70,Husavik,IS,2021-02-07 21:25:21,66.0449,-17.3389,32.0,74,90,3.44,overcast clouds
71,Umkomaas,ZA,2021-02-07 21:25:22,-30.2067,30.7978,78.01,94,71,8.14,broken clouds
72,Necochea,AR,2021-02-07 21:25:22,-38.5473,-58.7368,60.01,80,100,16.51,overcast clouds
73,Bonthe,SL,2021-02-07 21:25:22,7.5264,-12.505,79.9,81,18,8.23,few clouds
74,Navahrudak,BY,2021-02-07 21:25:22,53.6,25.8333,-4.72,90,77,7.65,broken clouds
75,Mandalgovi,MN,2021-02-07 21:25:23,45.7625,106.2708,12.25,82,0,9.82,clear sky
76,Tautira,PF,2021-02-07 21:25:23,-17.7333,-149.15,86.0,54,20,6.91,few clouds
77,Hamilton,US,2021-02-07 21:25:04,39.1834,-84.5333,24.8,30,75,11.5,broken clouds
78,Portland,US,2021-02-07 21:23:29,45.5234,-122.6762,48.0,66,75,11.5,broken clouds
79,Labuhan,ID,2021-02-07 21:25:24,-6.8844,112.2051,78.37,86,100,10.07,light rain
80,Havelock,US,2021-02-07 21:25:24,34.8791,-76.9013,46.99,76,75,18.41,broken clouds
81,Talnakh,RU,2021-02-07 21:22:46,69.4865,88.3972,-20.13,74,19,2.75,few clouds
82,Busselton,AU,2021-02-07 21:25:25,-33.65,115.3333,62.01,99,87,1.01,overcast clouds
83,Ribeira Grande,PT,2021-02-07 21:25:25,38.5167,-28.7,59.0,77,40,11.5,scattered clouds
84,Broome,US,2021-02-07 21:25:25,42.2506,-75.833,28.99,63,40,12.66,light snow
85,Dubbo,AU,2021-02-07 21:21:34,-32.25,148.6167,68.0,73,7,13.8,clear sky
86,Suoyarvi,RU,2021-02-07 21:25:26,62.0833,32.35,1.44,94,93,4.74,overcast clouds
87,Puri,IN,2021-02-07 21:25:26,19.8,85.85,64.4,88,20,5.28,mist
88,Outlook,CA,2021-02-07 21:25:26,51.5001,-107.0513,-18.4,69,32,8.05,scattered clouds
89,Muisne,EC,2021-02-07 21:25:27,0.6,-80.0333,84.2,84,75,5.75,light rain
90,Ha Giang,VN,2021-02-07 21:25:27,22.8333,104.9833,66.72,84,100,2.39,overcast clouds
91,Praid,RO,2021-02-07 21:25:27,46.55,25.1333,41.0,87,20,9.22,few clouds
92,Pangnirtung,CA,2021-02-07 21:25:27,66.1451,-65.7125,33.8,44,20,16.11,few clouds
93,Lobito,AO,2021-02-07 21:25:28,-12.3481,13.5456,77.02,74,97,2.48,overcast clouds
94,Hobart,AU,2021-02-07 21:24:31,-42.8794,147.3294,57.2,54,40,12.66,scattered clouds
95,Saint-Francois,FR,2021-02-07 21:25:28,46.4154,3.9054,39.2,87,90,3.44,overcast clouds
96,Burntwood,GB,2021-02-07 21:22:32,52.6808,-1.9276,33.01,71,100,10.0,overcast clouds
97,Provideniya,RU,2021-02-07 21:25:28,64.3833,-173.3,-3.8,81,64,16.44,broken clouds
98,Mataura,NZ,2021-02-07 21:25:29,-46.1927,168.8643,63.41,57,98,2.89,overcast clouds
99,Pevek,RU,2021-02-07 21:25:29,69.7008,170.3133,-6.92,86,0,1.34,clear sky
100,Thaba-Tseka,LS,2021-02-07 21:25:29,-29.522,28.6084,56.3,76,6,2.77,clear sky
101,Shimoda,JP,2021-02-07 21:25:29,34.6667,138.95,39.99,62,0,23.62,clear sky
102,Grafton,US,2021-02-07 21:25:30,42.207,-71.6856,28.0,93,90,8.05,snow
103,Mar Del Plata,AR,2021-02-07 21:21:53,-38.0023,-57.5575,61.0,88,90,18.41,overcast clouds
104,Dikson,RU,2021-02-07 21:25:30,73.5069,80.5464,-32.1,85,90,15.93,overcast clouds
105,Songkhla,TH,2021-02-07 21:25:30,6.8333,100.6667,75.2,100,20,3.85,few clouds
106,Praia Da Vitoria,PT,2021-02-07 21:24:09,38.7333,-27.0667,57.2,77,40,15.75,scattered clouds
107,Grand Gaube,MU,2021-02-07 21:25:31,-20.0064,57.6608,78.01,83,74,1.99,moderate rain
108,Mananjary,MG,2021-02-07 21:25:32,-21.2167,48.3333,79.5,87,100,12.55,light rain
109,Saint-Pierre,RE,2021-02-07 21:25:32,-21.3393,55.4781,80.6,74,90,7.45,overcast clouds
110,Tiksi,RU,2021-02-07 21:25:32,71.6872,128.8694,-28.14,85,31,4.79,scattered clouds
111,Benguela,AO,2021-02-07 21:25:33,-12.5763,13.4055,76.53,74,100,2.17,overcast clouds
112,Pontal Do Parana,BR,2021-02-07 21:25:33,-25.6533,-48.5128,72.0,64,40,9.22,scattered clouds
113,Yellowknife,CA,2021-02-07 21:24:17,62.456,-114.3525,-31.0,68,1,6.91,clear sky
114,Guane,CU,2021-02-07 21:25:34,22.2025,-84.0875,82.81,64,60,11.88,broken clouds
115,San Rafael,AR,2021-02-07 21:21:37,-34.6177,-68.3301,76.82,41,0,26.87,clear sky
116,Acapulco,MX,2021-02-07 21:20:49,16.8634,-99.8901,86.0,62,1,9.22,clear sky
117,Veraval,IN,2021-02-07 21:25:34,20.9,70.3667,70.57,46,0,6.64,clear sky
118,Kodiak,US,2021-02-07 21:23:57,57.79,-152.4072,30.2,64,1,3.44,clear sky
119,Humaita,BR,2021-02-07 21:25:35,-7.5061,-63.0208,83.97,73,85,1.19,overcast clouds
120,Morondava,MG,2021-02-07 21:25:25,-20.2833,44.2833,80.78,80,98,2.64,heavy intensity rain
121,Pallasovka,RU,2021-02-07 21:25:36,50.05,46.8833,4.23,87,80,15.23,broken clouds
122,Roald,NO,2021-02-07 21:25:36,62.5833,6.1333,24.8,46,0,11.5,clear sky
123,Brockville,CA,2021-02-07 21:21:12,44.5834,-75.6826,26.6,68,90,9.22,overcast clouds
124,Port Blair,IN,2021-02-07 21:25:37,11.6667,92.75,77.45,82,10,11.77,clear sky
125,Margate,GB,2021-02-07 21:24:38,51.3813,1.3862,30.99,80,100,7.0,snow
126,Ginir,ET,2021-02-07 21:25:37,7.1333,40.7,64.09,46,100,3.38,overcast clouds
127,Ende,ID,2021-02-07 21:25:37,-8.8432,121.6623,77.88,75,100,3.29,overcast clouds
128,Port Alfred,ZA,2021-02-07 21:25:37,-33.5906,26.891,66.99,95,98,7.85,light rain
129,Ebeltoft,DK,2021-02-07 21:25:38,56.1944,10.6821,27.0,68,75,21.85,broken clouds
130,Carnarvon,AU,2021-02-07 21:25:38,-24.8667,113.6333,75.2,100,40,10.36,scattered clouds
131,Payakumbuh,ID,2021-02-07 21:25:38,-0.2202,100.6308,69.24,87,100,1.63,overcast clouds
132,Castro,BR,2021-02-07 21:25:38,-24.7911,-50.0119,70.77,66,0,4.59,clear sky
133,Lagoa,PT,2021-02-07 21:24:56,39.05,-27.9833,58.05,76,100,19.77,overcast clouds
134,Egvekinot,RU,2021-02-07 21:25:39,66.3167,-179.1667,-12.12,84,0,13.76,clear sky
135,Asau,RO,2021-02-07 21:25:40,46.4333,26.4,30.0,73,100,2.77,light snow
136,Tuatapere,NZ,2021-02-07 21:25:40,-46.1333,167.6833,61.84,66,100,6.58,moderate rain
137,Peoria,US,2021-02-07 21:25:24,40.7667,-89.7668,3.2,51,90,3.44,overcast clouds
138,Maceio,BR,2021-02-07 21:25:40,-9.6658,-35.7353,78.8,83,0,10.36,clear sky
139,Butaritari,KI,2021-02-07 21:25:41,3.0707,172.7902,81.28,80,96,19.91,overcast clouds
140,Sarkand,KZ,2021-02-07 21:25:41,45.41,79.9186,31.19,89,100,3.4,overcast clouds
141,Hoddesdon,GB,2021-02-07 21:25:41,51.7615,-0.0114,30.2,86,75,20.71,broken clouds
142,Acarau,BR,2021-02-07 21:25:42,-2.8856,-40.12,81.79,75,0,16.22,clear sky
143,Seoul,KR,2021-02-07 21:23:11,37.5683,126.9778,24.8,50,0,9.22,clear sky
144,Saint George,US,2021-02-07 21:24:53,37.1041,-113.5841,61.0,22,1,3.0,clear sky
145,Bathsheba,BB,2021-02-07 21:25:42,13.2167,-59.5167,80.6,61,20,19.57,few clouds
146,Bredasdorp,ZA,2021-02-07 21:24:47,-34.5322,20.0403,64.4,68,5,5.75,clear sky
147,Narsaq,GL,2021-02-07 21:25:43,60.9167,-46.05,35.6,30,53,44.87,broken clouds
148,Adrar,MR,2021-02-07 21:25:43,20.5022,-10.0711,60.42,32,0,9.48,clear sky
149,Naze,JP,2021-02-07 21:25:43,28.3667,129.4833,57.6,66,0,9.71,clear sky
150,Berezyne,UA,2021-02-07 21:25:44,46.2294,29.2022,34.47,89,100,14.7,overcast clouds
151,Muriwai Beach,NZ,2021-02-07 21:25:44,-36.8167,174.45,71.01,73,47,8.01,scattered clouds
152,Whitehorse,CA,2021-02-07 21:25:44,60.7161,-135.0538,-5.8,77,90,3.44,light snow
153,Ambilobe,MG,2021-02-07 21:25:44,-13.2,49.05,74.95,91,96,2.21,overcast clouds
154,Muroto,JP,2021-02-07 21:25:45,33.2833,134.15,39.2,87,40,5.75,scattered clouds
155,Hambantota,LK,2021-02-07 21:25:45,6.1241,81.1185,77.02,81,9,16.15,clear sky
156,Noumea,NC,2021-02-07 21:25:45,-22.2763,166.4572,79.0,83,0,2.3,clear sky
157,Yatou,CN,2021-02-07 21:25:46,37.15,122.3833,27.14,83,0,12.5,clear sky
158,Port Elizabeth,ZA,2021-02-07 21:22:44,-33.918,25.5701,66.2,94,90,11.5,overcast clouds
159,Mantua,IT,2021-02-07 21:25:46,45.1667,10.7833,48.99,95,50,3.0,scattered clouds
160,Bethel,US,2021-02-07 21:25:46,41.3712,-73.414,28.99,93,90,5.75,light snow
161,Longyearbyen,SJ,2021-02-07 21:25:32,78.2186,15.6401,14.0,67,75,16.11,snow
162,Grindavik,IS,2021-02-07 21:25:18,63.8424,-22.4338,33.8,64,0,13.8,clear sky
163,Meulaboh,ID,2021-02-07 21:25:47,4.1363,96.1285,76.69,87,47,4.36,light rain
164,Lloydminster,CA,2021-02-07 21:22:13,53.2835,-110.0016,-18.4,69,20,6.91,few clouds
165,Farap,TM,2021-02-07 21:25:48,39.1704,63.6116,44.6,93,31,4.61,scattered clouds
166,Kudahuvadhoo,MV,2021-02-07 21:25:48,2.6708,72.8944,81.19,71,42,16.78,scattered clouds
167,Kenai,US,2021-02-07 21:21:54,60.5544,-151.2583,10.99,78,1,6.91,clear sky
168,Champasak,LA,2021-02-07 21:25:49,14.75,106.0,68.99,78,52,2.33,broken clouds
169,Srednekolymsk,RU,2021-02-07 21:25:49,67.45,153.6833,-10.17,84,98,3.89,overcast clouds
170,New Norfolk,AU,2021-02-07 21:24:48,-42.7826,147.0587,57.0,67,33,1.99,scattered clouds
171,Kismayo,SO,2021-02-07 21:25:50,-0.3582,42.5454,77.22,81,0,17.22,clear sky
172,Nouadhibou,MR,2021-02-07 21:25:50,20.931,-17.0347,64.4,72,0,18.41,clear sky
173,Sakit,IN,2021-02-07 21:25:51,27.45,78.8167,54.14,56,0,5.35,clear sky
174,Chicama,PE,2021-02-07 21:25:51,-7.8447,-79.1469,73.4,83,0,9.22,clear sky
175,Stepnogorsk,KZ,2021-02-07 21:25:51,52.3544,71.8869,12.7,95,96,15.12,overcast clouds
176,Sambava,MG,2021-02-07 21:25:52,-14.2667,50.1667,78.04,83,100,2.33,overcast clouds
177,Colinas,BR,2021-02-07 21:24:19,-6.0258,-44.2492,78.67,89,29,0.78,moderate rain
178,Airai,TL,2021-02-07 21:25:52,-8.9266,125.4092,60.73,100,100,2.66,overcast clouds
179,Nemuro,JP,2021-02-07 21:25:52,43.3236,145.575,13.42,86,0,10.22,clear sky
180,Kawhia,NZ,2021-02-07 21:25:53,-38.0651,174.8183,66.09,68,21,3.06,few clouds
181,Ponta Do Sol,PT,2021-02-07 21:25:53,32.6667,-17.1,59.0,69,40,5.01,scattered clouds
182,Paciran,ID,2021-02-07 21:25:53,-6.8767,112.3761,78.26,86,99,11.25,overcast clouds
183,Upernavik,GL,2021-02-07 21:25:53,72.7868,-56.1549,18.34,79,2,2.84,clear sky
184,Ciudad Bolivar,VE,2021-02-07 21:25:54,8.1222,-63.5497,89.71,45,100,12.95,overcast clouds
185,Belfast,GB,2021-02-07 21:23:44,54.5833,-5.9333,35.6,64,90,17.27,light rain
186,Karratha,AU,2021-02-07 21:25:54,-20.7377,116.8463,77.63,72,3,7.78,clear sky
187,Ostrovnoy,RU,2021-02-07 21:25:55,68.0531,39.5131,3.94,92,79,13.73,broken clouds
188,Inta,RU,2021-02-07 21:25:55,66.0317,60.1659,-12.89,89,100,10.63,overcast clouds
189,Nome,US,2021-02-07 21:25:55,64.5011,-165.4064,-2.99,84,1,4.07,clear sky
190,Lavrentiya,RU,2021-02-07 21:25:55,65.5833,-171.0,-9.89,85,0,9.37,clear sky
191,Jeremie,HT,2021-02-07 21:25:55,18.65,-74.1167,81.66,58,1,5.3,clear sky
192,Srandakan,ID,2021-02-07 21:25:56,-7.9386,110.2506,76.26,87,93,4.65,light rain
193,Dhidhdhoo,MV,2021-02-07 21:25:56,6.8833,73.1,81.0,71,59,6.78,broken clouds
194,Kavieng,PG,2021-02-07 21:23:08,-2.5744,150.7967,83.26,76,75,8.34,broken clouds
195,Alihe,CN,2021-02-07 21:25:00,50.5667,123.7167,-14.33,85,0,3.42,clear sky
196,Port Hedland,AU,2021-02-07 21:25:57,-20.3167,118.5667,75.2,83,40,5.75,scattered clouds
197,Puerto Boyaca,CO,2021-02-07 21:25:14,5.9758,-74.5885,90.16,56,68,3.22,broken clouds
198,Diffa,NE,2021-02-07 21:25:57,13.3154,12.6113,70.2,20,0,7.2,clear sky
199,Sheboygan,US,2021-02-07 21:25:58,43.7333,-87.9334,1.0,50,1,14.97,clear sky
200,Pyaozerskiy,RU,2021-02-07 21:25:58,65.8333,31.1667,8.44,94,58,6.89,broken clouds
201,Salalah,OM,2021-02-07 21:25:58,17.0151,54.0924,73.4,68,75,4.61,broken clouds
202,Maryville,US,2021-02-07 21:25:58,35.7565,-83.9705,43.0,65,20,10.36,few clouds
203,Gweta,BW,2021-02-07 21:25:59,-20.1833,25.2333,75.43,72,100,17.09,moderate rain
204,Takoradi,GH,2021-02-07 21:25:59,4.8845,-1.7554,80.44,86,99,11.36,overcast clouds
205,Teguise,ES,2021-02-07 21:25:59,29.0605,-13.564,59.0,77,20,2.3,few clouds
206,Lebu,CL,2021-02-07 21:25:59,-37.6167,-73.65,62.56,78,9,6.4,clear sky
207,Buala,SB,2021-02-07 21:26:00,-8.145,159.5921,81.95,79,57,6.38,light rain
208,Los Llanos De Aridane,ES,2021-02-07 21:24:00,28.6585,-17.9182,60.8,77,20,5.75,few clouds
209,San Policarpo,PH,2021-02-07 21:26:00,12.1791,125.5072,79.97,84,100,20.29,heavy intensity rain
210,Sterling,US,2021-02-07 21:24:41,39.0062,-77.4286,39.99,81,75,8.05,broken clouds
211,San Quintin,MX,2021-02-07 21:26:01,30.4833,-115.95,65.01,56,0,10.47,clear sky
212,Avarua,CK,2021-02-07 21:26:01,-21.2078,-159.775,84.2,79,40,13.8,scattered clouds
213,Coari,BR,2021-02-07 21:26:02,-4.085,-63.1414,84.15,81,98,2.44,overcast clouds
214,Okhotsk,RU,2021-02-07 21:26:02,59.3833,143.3,12.94,88,100,22.26,overcast clouds
215,Batemans Bay,AU,2021-02-07 21:26:02,-35.7167,150.1833,64.0,72,42,2.42,scattered clouds
216,Sao Filipe,CV,2021-02-07 21:25:09,14.8961,-24.4956,69.87,74,100,13.65,overcast clouds
217,Kourou,GF,2021-02-07 21:26:03,5.1552,-52.6478,80.6,83,90,13.8,overcast clouds
218,Aklavik,CA,2021-02-07 21:26:03,68.2191,-135.0107,-16.6,69,90,13.8,snow
219,Katsuura,JP,2021-02-07 21:26:03,35.1333,140.3,42.8,49,20,9.22,few clouds
220,Gaoua,BF,2021-02-07 21:26:03,10.2992,-3.2508,83.68,15,18,4.18,few clouds
221,Samarai,PG,2021-02-07 21:26:04,-10.6167,150.6667,82.11,75,100,4.12,overcast clouds
222,Haines Junction,CA,2021-02-07 21:26:04,60.7522,-137.5108,-13.0,53,16,1.14,few clouds
223,Yar-Sale,RU,2021-02-07 21:26:04,66.8333,70.8333,-11.24,89,100,24.09,light snow
224,Barguzin,RU,2021-02-07 21:26:04,53.6167,109.6167,6.13,89,98,2.64,overcast clouds
225,Lasa,IT,2021-02-07 21:26:04,46.6166,10.7002,39.2,100,90,4.61,mist
226,Lanzhou,CN,2021-02-07 21:26:05,36.0564,103.7922,15.8,38,0,6.71,clear sky
227,Iskateley,RU,2021-02-07 21:26:05,67.6803,53.1512,-16.8,87,100,17.0,overcast clouds
228,Ixtapa,MX,2021-02-07 21:26:05,20.7,-105.2,75.2,73,20,11.5,few clouds
229,Clyde River,CA,2021-02-07 21:22:37,70.4692,-68.5914,-4.0,92,75,2.3,light snow
230,Chuy,UY,2021-02-07 21:26:06,-33.6971,-53.4616,71.53,67,16,10.45,few clouds
231,Lodja,CD,2021-02-07 21:26:06,-3.4833,23.4333,72.68,84,34,1.59,light rain
232,Capanema,BR,2021-02-07 21:21:13,-1.1958,-47.1808,78.96,87,76,4.83,broken clouds
233,Miranda,CO,2021-02-07 21:26:06,3.2499,-76.2281,84.2,54,75,12.66,broken clouds
234,Hay River,CA,2021-02-07 21:26:07,60.8156,-115.7999,-29.2,62,27,5.75,scattered clouds
235,Dzhebariki-Khaya,RU,2021-02-07 21:26:07,62.2167,135.8,-34.6,81,27,0.47,scattered clouds
236,Maragogi,BR,2021-02-07 21:26:07,-9.0122,-35.2225,79.48,79,90,11.03,overcast clouds
237,Novyy Urengoy,RU,2021-02-07 21:26:07,66.0833,76.6333,0.32,93,100,17.18,light snow
238,Brainerd,US,2021-02-07 21:26:08,46.358,-94.2008,-6.0,49,20,5.75,few clouds
239,Cockburn Town,TC,2021-02-07 21:23:22,21.4612,-71.1419,80.6,69,20,9.22,few clouds
240,Nikolskoye,RU,2021-02-07 21:25:41,59.7035,30.7861,17.6,86,75,13.42,light snow
241,Torbay,CA,2021-02-07 21:22:47,47.6666,-52.7314,30.99,69,20,28.77,few clouds
242,Souillac,MU,2021-02-07 21:26:09,-20.5167,57.5167,80.6,78,40,10.36,scattered clouds
243,Salekhard,RU,2021-02-07 21:26:09,66.53,66.6019,-17.32,87,100,30.44,light snow
244,Bahia Blanca,AR,2021-02-07 21:26:09,-38.7196,-62.2724,66.69,59,83,19.26,broken clouds
245,Valdivia,CL,2021-02-07 21:22:03,-39.8142,-73.2459,77.0,53,0,10.36,clear sky
246,Kendari,ID,2021-02-07 21:26:10,-3.945,122.4989,75.02,92,86,3.38,overcast clouds
247,Kaitangata,NZ,2021-02-07 21:26:10,-46.2817,169.8464,62.31,66,100,2.86,overcast clouds
248,Grave,NL,2021-02-07 21:26:10,51.759,5.7388,24.01,80,90,18.41,overcast clouds
249,Le Pradet,FR,2021-02-07 21:26:10,43.1066,6.0172,48.99,57,0,16.11,clear sky
250,Kaoma,ZM,2021-02-07 21:26:10,-14.7833,24.8,67.8,94,100,1.97,light rain
251,Gunnedah,AU,2021-02-07 21:26:11,-30.9833,150.25,70.0,75,0,4.0,clear sky
252,Aktash,RU,2021-02-07 21:26:11,50.3,87.7333,4.39,89,16,6.93,few clouds
253,Mukhen,RU,2021-02-07 21:26:11,48.1,136.1,-8.28,89,100,5.7,overcast clouds
254,Kununurra,AU,2021-02-07 21:26:12,-15.7667,128.7333,78.8,100,40,3.44,scattered clouds
255,Beruwala,LK,2021-02-07 21:26:12,6.4788,79.9828,75.15,90,2,7.47,clear sky
256,Quatre Cocos,MU,2021-02-07 21:26:12,-20.2078,57.7625,80.6,78,40,10.36,scattered clouds
257,Tymovskoye,RU,2021-02-07 21:26:12,50.8456,142.655,2.91,92,100,6.22,light snow
258,Cidreira,BR,2021-02-07 21:26:13,-30.1811,-50.2056,74.25,63,0,8.72,clear sky
259,Mangan,IN,2021-02-07 21:26:13,27.5167,88.5333,52.99,31,0,9.62,clear sky
260,Yegorlykskaya,RU,2021-02-07 21:26:13,46.5656,40.6562,25.38,78,100,4.25,overcast clouds
261,Dukat,RU,2021-02-07 21:26:13,62.55,155.55,4.68,86,100,15.21,overcast clouds
262,Alcantara,BR,2021-02-07 21:26:13,-2.4089,-44.4147,84.2,79,40,10.36,scattered clouds
263,Guerrero Negro,MX,2021-02-07 21:26:14,27.9769,-114.0611,76.51,19,0,8.05,clear sky
264,Kieta,PG,2021-02-07 21:26:14,-6.2167,155.6333,81.73,74,31,3.09,scattered clouds
265,Bubaque,GW,2021-02-07 21:26:14,11.2833,-15.8333,77.4,67,11,15.7,few clouds
266,Sitka,US,2021-02-07 21:24:53,57.0531,-135.33,35.6,32,1,2.04,clear sky
267,Cabedelo,BR,2021-02-07 21:26:15,-6.9811,-34.8339,82.4,78,75,9.22,broken clouds
268,Arman,RU,2021-02-07 21:16:31,59.7,150.1667,11.98,85,100,16.91,overcast clouds
269,Camopi,GF,2021-02-07 21:26:15,3.1655,-52.3158,73.87,96,100,4.34,moderate rain
270,Nuuk,GL,2021-02-07 21:26:15,64.1835,-51.7216,32.0,40,56,13.8,broken clouds
271,Falkenberg,SE,2021-02-07 21:26:16,56.9055,12.4912,21.2,79,85,11.5,overcast clouds
272,Tarauaca,BR,2021-02-07 21:26:16,-8.1614,-70.7656,83.77,82,69,3.38,broken clouds
273,Dingle,PH,2021-02-07 21:26:16,10.9995,122.6711,75.52,92,100,7.9,heavy intensity rain
274,Horta,PT,2021-02-07 21:26:17,38.5333,-28.6333,59.0,77,40,11.5,scattered clouds
275,Springfield,US,2021-02-07 21:22:36,37.2153,-93.2982,27.0,74,90,11.5,overcast clouds
276,Le Vauclin,MQ,2021-02-07 21:26:17,14.5452,-60.8388,73.99,94,75,4.61,broken clouds
277,Sjovegan,NO,2021-02-07 21:26:17,68.8726,17.8474,30.0,86,75,3.44,broken clouds
278,Half Moon Bay,US,2021-02-07 21:23:53,37.4636,-122.4286,66.0,72,1,13.8,haze
279,Kidal,ML,2021-02-07 21:26:18,18.4411,1.4078,72.41,21,97,11.36,overcast clouds
280,Borogontsy,RU,2021-02-07 21:26:18,62.6683,131.1683,-35.39,81,0,2.64,clear sky
281,Qasigiannguit,GL,2021-02-07 21:26:19,68.8193,-51.1922,24.8,39,0,5.75,clear sky
282,Babaeski,TR,2021-02-07 21:26:19,41.4325,27.0931,55.45,80,100,9.42,overcast clouds
283,Koltsovo,RU,2021-02-07 21:26:19,54.9376,83.1825,15.8,67,20,13.42,few clouds
284,Guamuchil,MX,2021-02-07 21:26:20,25.4667,-108.1,77.0,57,100,5.01,overcast clouds
285,Kavaratti,IN,2021-02-07 21:26:20,10.5669,72.642,80.67,68,17,7.23,few clouds
286,Luderitz,NA,2021-02-07 21:26:20,-26.6481,15.1594,70.05,57,0,29.12,clear sky
287,Quballat,TN,2021-02-07 21:26:20,36.5418,9.6633,55.4,76,20,11.5,few clouds
288,Zavodouspenskoye,RU,2021-02-07 21:26:21,56.8626,65.0155,-2.2,71,58,13.42,snow
289,Fort Nelson,CA,2021-02-07 21:26:21,58.8053,-122.7002,-14.8,70,75,11.5,snow
290,Zambezi,ZM,2021-02-07 21:17:05,-13.5432,23.1047,69.64,94,100,6.04,heavy intensity rain
291,Mount Isa,AU,2021-02-07 21:26:21,-20.7333,139.5,77.0,100,99,5.75,overcast clouds
292,Tadine,NC,2021-02-07 21:26:22,-21.55,167.8833,78.87,79,69,3.31,broken clouds
293,Bilibino,RU,2021-02-07 21:26:22,68.0546,166.4372,0.25,75,1,6.31,clear sky
294,Mineiros,BR,2021-02-07 21:26:22,-17.5694,-52.5511,76.39,74,21,5.41,few clouds
295,Hasaki,JP,2021-02-07 21:26:23,35.7333,140.8333,32.0,86,75,1.14,broken clouds
296,Leningradskiy,RU,2021-02-07 21:26:23,69.3833,178.4167,-14.53,82,0,6.78,clear sky
297,Lompoc,US,2021-02-07 21:26:23,34.6391,-120.4579,64.0,67,1,12.66,clear sky
298,Hofn,IS,2021-02-07 21:26:24,64.2539,-15.2082,36.28,89,100,17.56,overcast clouds
299,Isla Mujeres,MX,2021-02-07 21:26:24,21.2311,-86.731,84.2,70,40,11.5,scattered clouds
300,Champerico,GT,2021-02-07 21:26:24,14.3,-91.9167,93.2,43,40,6.91,scattered clouds
301,Kuusamo,FI,2021-02-07 21:26:25,65.9667,29.1833,15.8,86,90,11.5,light snow
302,Flinders,AU,2021-02-07 21:26:25,-34.5833,150.8552,68.0,78,55,3.0,broken clouds
303,Bereda,ES,2021-02-07 21:26:25,43.2686,-7.5406,48.0,99,100,14.0,light rain
304,Quesnel,CA,2021-02-07 21:26:25,52.9999,-122.5029,8.6,61,40,5.75,scattered clouds
305,Nara,JP,2021-02-07 21:25:27,34.6851,135.8049,45.0,87,40,3.44,scattered clouds
306,Carutapera,BR,2021-02-07 21:23:37,-1.195,-46.02,78.64,86,20,7.43,few clouds
307,Launceston,AU,2021-02-07 21:26:26,-41.45,147.1667,53.01,76,75,3.44,broken clouds
308,Sistranda,NO,2021-02-07 21:26:26,63.7256,8.834,21.2,86,20,12.66,few clouds
309,Buenos Aires,AR,2021-02-07 21:23:41,-34.6132,-58.3772,93.0,54,20,8.05,few clouds
310,General Roca,AR,2021-02-07 21:26:27,-39.0333,-67.5833,71.6,43,90,8.05,overcast clouds
311,Prestice,CZ,2021-02-07 21:26:27,49.573,13.3335,25.0,100,90,6.91,snow
312,Bonavista,CA,2021-02-07 21:26:28,48.6499,-53.1147,32.0,64,0,10.36,clear sky
313,Nuqui,CO,2021-02-07 21:26:28,5.7125,-77.2708,83.57,76,100,6.89,light rain
314,Tual,ID,2021-02-07 21:26:28,-5.6667,132.75,83.5,78,100,19.42,overcast clouds
315,Kaya,BF,2021-02-07 21:26:28,13.0917,-1.0844,80.94,17,0,9.71,clear sky
316,Louis Trichardt,ZA,2021-02-07 21:26:28,-23.0439,29.9032,70.16,56,100,2.62,overcast clouds
317,Orlik,RU,2021-02-07 21:26:29,52.5178,99.825,2.57,81,99,1.77,overcast clouds
318,Anadyr,RU,2021-02-07 21:26:29,64.75,177.4833,10.4,52,100,6.71,snow
319,Bac Lieu,VN,2021-02-07 21:26:29,9.285,105.7244,75.43,85,5,15.59,clear sky
320,Tokonou,GN,2021-02-07 21:26:30,9.65,-9.7833,80.22,19,44,7.96,scattered clouds
321,Belyy,RU,2021-02-07 21:26:30,55.8402,32.9419,3.4,95,96,4.43,overcast clouds
322,Hovd,MN,2021-02-07 21:26:30,48.0056,91.6419,13.48,86,100,0.43,overcast clouds
323,Ust-Omchug,RU,2021-02-07 21:26:30,61.15,149.6333,-0.71,89,100,11.99,light snow
324,Namibe,AO,2021-02-07 21:26:31,-15.1961,12.1522,73.02,75,100,4.16,overcast clouds
325,Sadri,IN,2021-02-07 21:26:31,25.1833,73.4333,59.76,32,0,5.32,clear sky
326,Pedasi,PA,2021-02-07 21:23:07,7.5333,-80.0333,82.83,73,96,10.0,overcast clouds
327,Inhambane,MZ,2021-02-07 21:26:32,-23.865,35.3833,78.94,85,100,9.46,overcast clouds
328,Port Moresby,PG,2021-02-07 21:26:32,-9.4431,147.1797,77.0,94,75,8.05,broken clouds
329,Kirkwall,GB,2021-02-07 21:26:32,58.9848,-2.9587,33.8,55,90,13.8,overcast clouds
330,Innisfail,AU,2021-02-07 21:26:32,-17.5333,146.0333,76.71,88,100,4.97,overcast clouds
331,Tabou,CI,2021-02-07 21:26:33,4.423,-7.3528,79.47,88,80,6.62,broken clouds
332,Leshukonskoye,RU,2021-02-07 21:26:33,64.8989,45.7622,-19.89,87,100,7.92,overcast clouds
333,Ketchikan,US,2021-02-07 21:26:33,55.3422,-131.6461,30.2,64,1,12.66,clear sky
334,Dalbandin,PK,2021-02-07 21:26:33,28.8947,64.4101,55.74,29,0,3.69,clear sky
335,Xining,CN,2021-02-07 21:26:34,36.6167,101.7667,22.86,56,33,2.1,scattered clouds
336,Cabra,ES,2021-02-07 21:26:34,37.4725,-4.4421,48.0,81,98,1.99,overcast clouds
337,Alofi,NU,2021-02-07 21:26:34,-19.0595,-169.9187,84.2,74,40,12.66,scattered clouds
338,Westport,US,2021-02-07 21:23:16,41.1415,-73.3579,30.99,93,90,8.05,fog
339,Boulsa,BF,2021-02-07 21:26:34,12.6675,-0.5758,81.14,16,0,10.16,clear sky
340,Kulhudhuffushi,MV,2021-02-07 21:26:35,6.6221,73.07,81.1,72,87,7.74,overcast clouds
341,Zhigansk,RU,2021-02-07 21:26:35,66.7697,123.3711,-32.4,79,14,7.85,few clouds
342,Cartagena,CO,2021-02-07 21:25:22,10.3997,-75.5144,87.8,66,40,12.66,scattered clouds
343,Atlantic City,US,2021-02-07 21:26:35,39.3643,-74.4229,34.0,93,90,11.5,light snow
344,Kimbe,PG,2021-02-07 21:26:36,-5.5502,150.1429,78.84,82,85,1.61,light rain
345,Cherskiy,RU,2021-02-07 21:26:36,68.75,161.3,-3.69,68,6,1.48,clear sky
346,Kitimat,CA,2021-02-07 21:26:36,54.0524,-128.6534,30.0,63,99,1.01,overcast clouds
347,Riyadh,SA,2021-02-07 21:22:39,24.6877,46.7219,59.0,63,0,9.22,clear sky
348,Ovalle,CL,2021-02-07 21:26:37,-30.5983,-71.2003,81.03,32,0,9.33,clear sky
349,Blagoyevo,RU,2021-02-07 21:26:37,63.3667,47.9167,-20.7,84,100,9.55,overcast clouds
350,Vikhorevka,RU,2021-02-07 21:26:37,56.1201,101.1636,15.8,79,70,2.24,broken clouds
351,Kruisfontein,ZA,2021-02-07 21:26:37,-34.0033,24.7314,64.99,90,97,1.01,overcast clouds
352,Kahului,US,2021-02-07 21:26:38,20.8947,-156.47,77.0,53,20,8.05,few clouds
353,Marfino,RU,2021-02-07 21:26:38,55.7028,37.3822,8.01,78,75,8.95,broken clouds
354,Yen Bai,VN,2021-02-07 21:26:38,21.7,104.8667,68.63,81,99,1.28,overcast clouds
355,Qingdao,CN,2021-02-07 21:26:38,36.0986,120.3719,28.99,73,0,2.24,clear sky
356,Bongandanga,CD,2021-02-07 21:26:39,1.5,21.05,74.03,44,87,2.46,overcast clouds
357,Gualeguaychu,AR,2021-02-07 21:26:39,-33.0094,-58.5172,90.0,32,0,5.01,clear sky
358,Hoquiam,US,2021-02-07 21:26:39,46.9809,-123.8893,46.0,76,90,13.8,overcast clouds
359,Yugorsk,RU,2021-02-07 21:26:39,61.3133,63.3319,-14.03,89,100,7.4,light snow
360,Nioro,GM,2021-02-07 21:26:40,13.35,-15.75,80.56,16,95,7.49,overcast clouds
361,Wakefield,GB,2021-02-07 21:26:40,53.6809,-1.499,35.01,69,99,4.0,overcast clouds
362,Nieuw Amsterdam,SR,2021-02-07 21:26:40,5.8833,-55.0833,81.0,83,40,11.5,scattered clouds
363,Sinnamary,GF,2021-02-07 21:26:40,5.3833,-52.95,78.37,85,100,14.47,overcast clouds
364,Eureka,US,2021-02-07 21:22:47,40.8021,-124.1637,54.0,69,2,7.0,clear sky
365,Kefamenanu,ID,2021-02-07 21:26:41,-9.4467,124.4781,70.16,88,100,2.01,overcast clouds
366,Staryy Nadym,RU,2021-02-07 21:26:41,65.6118,72.6842,2.01,94,100,19.22,light snow
367,Daru,PG,2021-02-07 21:26:41,-9.0763,143.2092,77.95,87,66,9.55,broken clouds
368,Garhakota,IN,2021-02-07 21:26:41,23.7667,79.15,51.82,45,0,1.3,clear sky
369,Sao Joao Da Barra,BR,2021-02-07 21:23:01,-21.6403,-41.0511,71.6,100,90,4.61,heavy intensity rain
370,Bima,ID,2021-02-07 21:26:03,-8.4667,118.7167,75.69,86,90,1.36,overcast clouds
371,Bengkulu,ID,2021-02-07 21:23:36,-3.8004,102.2655,75.51,83,98,6.38,overcast clouds
372,Obsharovka,RU,2021-02-07 21:26:42,53.125,48.8531,-6.5,89,50,9.06,scattered clouds
373,Chara,RU,2021-02-07 21:26:43,56.9064,118.2631,-8.14,75,100,0.56,overcast clouds
374,Kingaroy,AU,2021-02-07 21:26:43,-26.5333,151.8333,75.2,88,90,9.22,overcast clouds
375,Beyneu,KZ,2021-02-07 21:26:43,45.3167,55.2,26.94,88,77,14.5,broken clouds
376,Araouane,ML,2021-02-07 21:26:43,18.9048,-3.5265,66.13,25,52,9.53,broken clouds
377,Tarnogskiy Gorodok,RU,2021-02-07 21:26:44,60.4997,43.5761,-18.17,87,100,7.76,overcast clouds
378,Rhyl,GB,2021-02-07 21:26:44,53.3196,-3.4886,35.01,70,100,18.99,overcast clouds
379,George,ZA,2021-02-07 21:26:44,-33.963,22.4617,62.6,94,75,4.61,broken clouds
380,Putai,FR,2021-02-07 21:26:45,46.6579,1.9863,39.2,87,75,8.05,broken clouds
381,Glen Allen,US,2021-02-07 21:23:50,37.666,-77.5064,44.01,75,1,6.91,clear sky
382,Namatanai,PG,2021-02-07 21:26:45,-3.6667,152.4333,81.05,79,100,3.22,light rain
383,Faanui,PF,2021-02-07 21:22:38,-16.4833,-151.75,81.07,76,2,12.62,clear sky
384,Celestun,MX,2021-02-07 21:26:46,20.8667,-90.4,78.03,74,1,10.63,clear sky
385,Padang,ID,2021-02-07 21:24:02,-0.9492,100.3543,75.2,88,20,3.44,heavy intensity rain
386,Jiangyou,CN,2021-02-07 21:26:46,31.7667,104.7167,49.48,55,94,1.25,overcast clouds
387,Langarud,IR,2021-02-07 21:26:46,37.197,50.1535,51.8,100,90,4.61,mist
388,Olafsvik,IS,2021-02-07 21:26:46,64.8945,-23.7142,34.3,83,20,15.66,few clouds
389,Saint-Augustin,CA,2021-02-07 21:26:47,51.226,-58.6502,24.4,92,9,15.84,clear sky
390,Ondjiva,AO,2021-02-07 21:26:47,-17.0667,15.7333,80.62,33,95,5.61,overcast clouds
391,Udachnyy,RU,2021-02-07 21:26:47,66.4167,112.4,-26.23,83,95,5.88,overcast clouds
392,Moussoro,TD,2021-02-07 21:26:48,13.6408,16.4901,72.12,19,0,12.37,clear sky
393,Bambous Virieux,MU,2021-02-07 21:26:48,-20.3428,57.7575,80.6,78,40,10.36,scattered clouds
394,Puerto Leguizamo,CO,2021-02-07 21:26:48,-0.1934,-74.7819,90.91,50,26,4.32,light rain
395,Brae,GB,2021-02-07 21:26:48,60.3964,-1.353,33.8,64,75,5.75,broken clouds
396,Rovaniemi,FI,2021-02-07 21:25:15,66.5,25.7167,10.4,92,0,11.5,clear sky
397,Marsh Harbour,BS,2021-02-07 21:26:49,26.5412,-77.0636,77.68,80,0,15.32,clear sky
398,Misratah,LY,2021-02-07 21:26:49,32.3754,15.0925,72.01,34,100,15.95,overcast clouds
399,Fairbanks,US,2021-02-07 21:26:49,64.8378,-147.7164,-9.0,76,1,2.1,clear sky
400,Taunggyi,MM,2021-02-07 21:26:50,20.7833,97.0333,49.86,100,0,2.66,clear sky
401,Ouango,CF,2021-02-07 21:26:50,4.3133,22.5552,71.58,24,84,1.86,broken clouds
402,Wuwei,CN,2021-02-07 21:26:50,37.9281,102.6414,27.9,70,26,3.09,scattered clouds
403,Aleksandrovsk-Sakhalinskiy,RU,2021-02-07 21:26:50,50.8975,142.1561,5.61,93,100,14.23,light snow
404,Shache,CN,2021-02-07 21:26:51,38.4167,77.2406,31.05,81,15,3.76,few clouds
405,Bani Walid,LY,2021-02-07 21:26:51,31.7566,13.9942,67.84,24,86,11.9,overcast clouds
406,Tchollire,CM,2021-02-07 21:26:51,8.4022,14.1698,74.08,20,100,0.47,overcast clouds
407,Berlevag,NO,2021-02-07 21:26:51,70.8578,29.0864,23.0,93,75,25.32,snow
408,San Patricio,US,2021-02-07 21:26:52,28.017,-97.5169,72.0,43,40,13.8,scattered clouds
409,Umm Lajj,SA,2021-02-07 21:26:52,25.0213,37.2685,72.05,28,0,22.79,clear sky
410,Vostok,RU,2021-02-07 21:26:52,46.4856,135.8833,-15.72,90,100,3.15,overcast clouds
411,Creel,MX,2021-02-07 21:26:52,27.75,-107.6333,60.75,29,0,15.77,clear sky
412,Dalvik,IS,2021-02-07 21:26:52,65.9702,-18.5286,32.0,74,90,3.44,overcast clouds
413,Bonfim,BR,2021-02-07 21:26:53,3.0833,-59.95,84.2,74,20,13.8,few clouds
414,Albanel,CA,2021-02-07 21:26:53,48.8832,-72.4487,19.4,86,100,8.05,light snow
415,Gambela,ET,2021-02-07 21:26:53,8.25,34.5833,79.21,21,0,1.3,clear sky
416,Palmer,US,2021-02-07 21:26:53,42.1584,-72.3287,28.0,93,90,8.05,snow
417,Huejuquilla El Alto,MX,2021-02-07 21:26:54,22.6,-103.8667,78.48,16,0,15.37,clear sky
418,Port Jervis,US,2021-02-07 21:26:54,41.3751,-74.6927,30.99,77,100,3.33,overcast clouds
419,San Luis Rio Colorado,MX,2021-02-07 21:26:54,32.4631,-114.7767,77.0,14,1,4.61,clear sky
420,Malakal,SS,2021-02-07 21:26:54,9.5334,31.6605,72.14,19,56,7.29,broken clouds
421,Kargopol,RU,2021-02-07 21:26:55,61.5071,38.9456,-16.02,88,22,5.93,few clouds
422,Arroio Dos Ratos,BR,2021-02-07 21:26:55,-30.0772,-51.7292,82.4,54,0,10.36,clear sky
423,Tongchuan,CN,2021-02-07 21:26:55,35.0806,109.0897,36.52,69,15,3.09,few clouds
424,Paita,PE,2021-02-07 21:26:55,-5.0892,-81.1144,79.57,64,0,15.61,clear sky
425,Mitsamiouli,KM,2021-02-07 21:26:56,-11.3847,43.2844,83.66,71,88,6.82,overcast clouds
426,Bang Racham,TH,2021-02-07 21:26:56,14.892,100.3173,79.0,73,0,5.32,clear sky
427,Bargteheide,DE,2021-02-07 21:26:56,53.7333,10.2667,26.01,63,100,5.99,overcast clouds
428,Peleduy,RU,2021-02-07 21:26:56,59.6289,112.7406,13.98,94,100,9.24,light snow
429,Maniitsoq,GL,2021-02-07 21:25:57,65.4167,-52.9,26.67,79,0,19.93,clear sky
430,Kisangani,CD,2021-02-07 21:26:57,0.5167,25.2,71.22,50,94,2.37,overcast clouds
431,Moron,AR,2021-02-07 21:26:57,-34.6534,-58.6198,93.0,31,0,4.0,clear sky
432,Marrakesh,MA,2021-02-07 21:26:57,31.6315,-8.0083,50.0,76,40,3.44,scattered clouds
433,Hokitika,NZ,2021-02-07 21:26:58,-42.7167,170.9667,65.05,66,30,4.25,scattered clouds
434,Forchheim,DE,2021-02-07 21:26:58,49.7175,11.0588,37.0,10,100,8.88,snow
435,Rawson,AR,2021-02-07 21:25:11,-43.3002,-65.1023,61.59,49,10,12.95,clear sky
436,Puerto Padre,CU,2021-02-07 21:26:58,21.195,-76.6028,89.6,43,40,5.75,scattered clouds
437,Sola,VU,2021-02-07 21:26:58,-13.8833,167.55,81.03,76,100,9.33,overcast clouds
438,Tshane,BW,2021-02-07 21:26:59,-24.0196,21.8684,71.78,79,93,8.16,overcast clouds
439,Paamiut,GL,2021-02-07 21:26:59,61.994,-49.6678,28.35,85,67,9.22,broken clouds
440,Touros,BR,2021-02-07 21:26:59,-5.1989,-35.4608,82.4,74,20,13.8,few clouds
441,Port Said,EG,2021-02-07 21:26:59,31.2565,32.2841,60.8,82,0,8.05,clear sky
442,Vadnagar,IN,2021-02-07 21:27:00,23.7833,72.6333,59.36,32,0,6.62,clear sky
443,Bodden Town,KY,2021-02-07 21:27:00,19.2833,-81.25,84.99,61,20,11.5,few clouds
444,Port Hardy,CA,2021-02-07 21:27:00,50.6996,-127.4199,39.2,87,75,9.22,light snow
445,Kupang,ID,2021-02-07 21:27:00,-10.1667,123.5833,75.2,100,75,3.44,broken clouds
446,Uni,RU,2021-02-07 21:27:01,57.7535,51.4923,-16.31,87,100,12.97,light snow
447,Cravo Norte,CO,2021-02-07 21:27:01,6.3017,-70.2041,94.42,35,99,10.45,overcast clouds
448,Luganville,VU,2021-02-07 21:27:01,-15.5333,167.1667,81.59,65,0,7.16,clear sky
449,Mount Pleasant,US,2021-02-07 21:25:38,32.7941,-79.8626,53.01,66,75,14.97,broken clouds
450,Berbera,SO,2021-02-07 21:27:02,10.4396,45.0143,75.25,72,9,5.95,clear sky
451,Vestmannaeyjar,IS,2021-02-07 21:27:02,63.4427,-20.2734,39.16,73,94,25.5,overcast clouds
452,Coquimbo,CL,2021-02-07 21:24:29,-29.9533,-71.3436,68.0,56,0,13.8,clear sky
453,Poum,NC,2021-02-07 21:27:02,-20.2333,164.0167,80.19,71,72,6.85,broken clouds
454,Oistins,BB,2021-02-07 21:27:03,13.0667,-59.5333,80.6,61,20,19.57,few clouds
455,Wagga Wagga,AU,2021-02-07 21:27:03,-35.1167,147.3667,66.99,77,49,12.21,scattered clouds
456,Mvuma,ZW,2021-02-07 21:27:03,-19.2792,30.5283,66.79,87,100,6.85,light rain
457,Jorochito,BO,2021-02-07 21:27:03,-18.05,-63.4333,91.4,48,40,8.05,scattered clouds
458,Sulangan,PH,2021-02-07 21:27:04,11.1373,123.7228,80.53,81,100,16.93,moderate rain
459,Paris,FR,2021-02-07 21:23:41,48.8534,2.3488,33.01,80,90,6.91,overcast clouds
460,Krasnovishersk,RU,2021-02-07 21:24:28,60.4078,57.082,-19.52,86,100,6.6,light snow
461,Santa Fe,AR,2021-02-07 21:25:49,-31.6333,-60.7,91.99,36,0,4.0,clear sky
462,Bundaberg,AU,2021-02-07 21:27:05,-24.85,152.35,84.0,83,75,8.05,light rain
463,Okakarara,NA,2021-02-07 21:27:05,-20.5833,17.4333,71.49,71,60,7.54,broken clouds
464,Christchurch,NZ,2021-02-07 21:27:05,-43.5333,172.6333,72.0,68,10,4.61,clear sky
465,Ko Samui,TH,2021-02-07 21:27:06,9.5357,99.9357,80.1,80,0,14.99,clear sky
466,Nelson Bay,AU,2021-02-07 21:27:06,-32.7167,152.15,72.0,73,65,10.36,broken clouds
467,Shingu,JP,2021-02-07 21:27:06,33.7333,135.9833,45.54,69,0,10.47,clear sky
468,Wanaka,NZ,2021-02-07 21:27:06,-44.7,169.15,61.65,56,88,6.73,overcast clouds
469,Karasjok,NO,2021-02-07 21:27:07,69.4719,25.5112,21.2,73,40,21.85,scattered clouds
470,Mae Ramat,TH,2021-02-07 21:27:07,16.984,98.5166,67.19,66,18,1.23,few clouds
471,Luwuk,ID,2021-02-07 21:27:07,-0.9516,122.7875,78.44,73,100,2.33,overcast clouds
472,Igarka,RU,2021-02-07 21:27:07,67.4667,86.5833,-7.08,90,100,12.39,light snow
473,Krasnotorka,UA,2021-02-07 21:27:08,48.682,37.5327,18.23,74,99,5.44,overcast clouds
474,Wuxue,CN,2021-02-07 21:27:08,29.8506,115.5525,51.39,92,100,6.17,light rain
475,Imbituba,BR,2021-02-07 21:27:08,-28.24,-48.6703,77.0,78,40,14.97,scattered clouds
476,Kohlu,PK,2021-02-07 21:27:08,29.8962,69.252,48.56,46,0,2.06,clear sky
477,Lima,PE,2021-02-07 21:25:04,-12.0432,-77.0282,78.01,69,75,9.22,broken clouds
478,Balkanabat,TM,2021-02-07 21:27:09,39.5108,54.3671,47.37,76,100,10.94,overcast clouds
479,Severo-Kurilsk,RU,2021-02-07 21:27:09,50.6789,156.125,15.03,88,30,8.77,scattered clouds
480,La Sarre,CA,2021-02-07 21:27:09,48.8002,-79.1996,3.7,91,66,8.81,broken clouds
481,Novyy Urgal,RU,2021-02-07 21:27:10,51.0736,132.5642,-19.35,87,68,0.43,light snow
482,Paramonga,PE,2021-02-07 21:27:10,-10.6667,-77.8333,75.92,65,95,9.44,overcast clouds
483,Challapata,BO,2021-02-07 21:27:10,-18.9,-66.7667,59.31,47,100,13.69,light rain
484,Jaciara,BR,2021-02-07 21:27:10,-15.9653,-54.9683,85.53,57,17,2.73,few clouds
485,Camacha,PT,2021-02-07 21:27:11,33.0833,-16.3333,62.6,77,75,13.8,broken clouds
486,Victoria,HK,2021-02-07 21:25:32,22.2855,114.1577,66.99,77,0,1.01,clear sky
487,Guaruja,BR,2021-02-07 21:27:11,-23.9931,-46.2564,80.01,78,20,4.61,few clouds
488,Beringovskiy,RU,2021-02-07 21:27:11,63.05,179.3167,0.43,89,100,14.61,overcast clouds
489,Pedreiras,BR,2021-02-07 21:27:12,-4.5688,-44.6003,79.61,88,100,3.24,overcast clouds
490,Sheridan,US,2021-02-07 21:27:12,44.8333,-106.9173,1.0,65,90,9.22,overcast clouds
491,Sangueya,GN,2021-02-07 21:27:12,10.7,-14.3667,72.66,82,0,2.89,clear sky
492,Odweyne,SO,2021-02-07 21:27:13,9.4092,45.064,66.27,45,16,9.37,few clouds
493,Ancud,CL,2021-02-07 21:27:13,-41.8697,-73.8203,82.4,30,0,5.75,clear sky
494,Walvis Bay,NA,2021-02-07 21:27:13,-22.9575,14.5053,64.99,77,0,11.5,clear sky
495,Guanica,PR,2021-02-07 21:27:13,17.9716,-66.908,82.99,59,25,4.0,scattered clouds
496,Sur,OM,2021-02-07 21:27:14,22.5667,59.5289,64.36,73,0,4.34,clear sky
497,Wamba,NG,2021-02-07 21:27:14,8.9333,8.6,79.12,17,100,3.89,overcast clouds
498,Chumikan,RU,2021-02-07 21:27:14,54.7183,135.315,-7.62,83,100,26.71,overcast clouds
499,Newport,GB,2021-02-07 21:27:14,51.5877,-2.9984,34.0,75,56,23.69,broken clouds
500,Gasa,PS,2021-02-07 21:23:07,31.5,34.4667,57.99,94,0,3.44,clear sky
501,Trincomalee,LK,2021-02-07 21:27:15,8.5711,81.2335,78.75,84,15,18.25,few clouds
502,Rorvik,NO,2021-02-07 21:27:15,64.8621,11.2373,23.0,93,75,4.61,snow
503,Ola,RU,2021-02-07 21:27:16,59.5833,151.2833,12.61,87,100,21.3,overcast clouds
504,Wote,KE,2021-02-07 21:27:16,-1.7808,37.6288,68.22,85,96,2.28,overcast clouds
505,Suez,EG,2021-02-07 21:27:16,29.9737,32.5263,60.98,54,33,0.89,scattered clouds
506,Williams Lake,CA,2021-02-07 21:26:36,52.1415,-122.1445,6.8,78,40,8.05,scattered clouds
507,Galle,LK,2021-02-07 21:27:17,6.0367,80.217,76.84,85,36,2.37,scattered clouds
508,Ilam,NP,2021-02-07 21:27:17,26.9167,87.9167,50.27,61,0,5.17,clear sky
509,La Palma,US,2021-02-07 21:23:18,33.8464,-118.0467,70.0,51,1,3.44,clear sky
510,Stamford,US,2021-02-07 21:26:05,41.0534,-73.5387,30.99,86,90,8.05,snow
511,Kamen-Rybolov,RU,2021-02-07 21:27:18,44.7481,132.0403,-9.81,87,0,3.58,clear sky
512,Vallenar,CL,2021-02-07 21:27:19,-28.5708,-70.7581,83.44,25,0,9.55,clear sky
513,Villa Union,MX,2021-02-07 21:27:19,23.2,-106.2333,75.2,41,20,11.5,few clouds
514,Kajaani,FI,2021-02-07 21:27:19,64.2273,27.7285,12.2,92,75,4.61,broken clouds
515,Cap Malheureux,MU,2021-02-07 21:27:19,-19.9842,57.6142,78.01,83,79,1.99,moderate rain
516,Ladario,BR,2021-02-07 21:27:20,-19.0047,-57.6017,87.8,35,0,6.91,clear sky
517,Coolum Beach,AU,2021-02-07 21:27:20,-26.5333,153.1,77.0,85,41,3.0,scattered clouds
518,Thinadhoo,MV,2021-02-07 21:27:20,0.5333,72.9333,81.7,73,45,8.68,scattered clouds
519,Beziers,FR,2021-02-07 21:27:21,43.3476,3.219,48.0,76,0,6.91,clear sky
520,Mucurapo,TT,2021-02-07 21:27:21,10.6667,-61.5333,82.0,69,20,13.8,few clouds
521,Totness,SR,2021-02-07 21:27:21,5.8833,-56.3167,79.52,81,100,14.79,overcast clouds
522,Siirt,TR,2021-02-07 21:27:21,37.9326,41.9403,42.58,64,53,1.59,broken clouds
523,Alta Floresta,BR,2021-02-07 21:27:22,-9.8756,-56.0861,87.8,62,40,11.5,scattered clouds
524,Bara,NG,2021-02-07 21:27:22,10.3744,10.7288,76.05,19,62,8.16,broken clouds
525,Narasannapeta,IN,2021-02-07 21:27:22,18.4167,84.05,66.45,84,0,6.04,clear sky
526,Sabang,ID,2021-02-07 21:27:22,5.8933,95.3214,81.09,80,8,11.21,clear sky
527,Pathankot,IN,2021-02-07 21:23:23,32.2833,75.65,52.32,53,0,2.21,clear sky
528,Raudeberg,NO,2021-02-07 21:27:23,61.9875,5.1352,25.0,54,0,6.6,clear sky
529,Bismarck,US,2021-02-07 21:25:01,46.8083,-100.7837,-2.2,55,90,6.91,light snow
530,Ilebo,CD,2021-02-07 21:27:23,-4.3167,20.5833,72.5,87,98,1.16,light rain
531,Brigantine,US,2021-02-07 21:27:24,39.4101,-74.3646,35.01,93,90,11.5,light snow
532,Werda,BW,2021-02-07 21:27:24,-25.2667,23.2833,71.28,80,0,7.65,clear sky
533,Griffin,US,2021-02-07 21:27:24,33.2468,-84.2641,53.01,50,1,5.75,clear sky
534,Sulzbach-Rosenberg,DE,2021-02-07 21:27:25,49.4983,11.7517,30.99,86,90,8.08,light snow
535,Kharitonovo,RU,2021-02-07 21:27:25,61.4009,47.4978,-21.14,84,100,8.03,overcast clouds
536,Alpena,US,2021-02-07 21:27:25,45.0617,-83.4327,12.0,52,75,10.36,broken clouds
537,Birecik,TR,2021-02-07 21:27:25,37.0294,37.9903,44.6,93,21,3.15,few clouds
538,Iqaluit,CA,2021-02-07 21:27:13,63.7506,-68.5145,30.2,69,90,18.41,light snow
539,Nantucket,US,2021-02-07 21:27:26,41.2835,-70.0995,33.01,100,90,31.07,moderate rain
540,Ossora,RU,2021-02-07 21:27:26,59.2353,163.0719,21.97,97,100,41.14,snow
541,Vila Franca Do Campo,PT,2021-02-07 21:27:27,37.7167,-25.4333,57.2,77,40,10.36,scattered clouds
542,Laramie,US,2021-02-07 21:26:14,41.3114,-105.5911,35.6,35,75,35.68,broken clouds
543,Juneau,US,2021-02-07 21:25:01,58.3019,-134.4197,19.0,79,75,4.61,broken clouds
544,Bukama,CD,2021-02-07 21:27:27,-9.2,25.85,71.06,94,100,1.77,moderate rain
545,Kirakira,SB,2021-02-07 21:27:28,-10.4544,161.9205,82.26,74,27,6.02,scattered clouds
546,Berdigestyakh,RU,2021-02-07 21:27:28,62.0989,126.6992,-28.91,84,0,4.61,clear sky
547,Ambulu,ID,2021-02-07 21:27:28,-8.345,113.6058,75.67,91,100,3.78,overcast clouds
548,Tommot,RU,2021-02-07 21:27:29,58.9564,126.2925,-25.19,80,0,2.04,clear sky
549,Vila Velha,BR,2021-02-07 21:24:00,-20.3297,-40.2925,71.6,94,90,4.61,overcast clouds
550,Baruun-Urt,MN,2021-02-07 21:27:29,46.6806,113.2792,-2.38,87,93,10.22,overcast clouds
551,Gillette,US,2021-02-07 21:27:30,44.2911,-105.5022,0.0,71,20,11.5,few clouds
552,Vardo,NO,2021-02-07 21:27:30,70.3705,31.1107,23.0,86,90,36.82,snow
553,Maningrida,AU,2021-02-07 21:27:30,-12.0667,134.2667,77.54,87,100,7.92,overcast clouds
554,Beloha,MG,2021-02-07 21:27:30,-25.1667,45.05,75.54,91,11,7.67,few clouds
555,Akyab,MM,2021-02-07 21:27:31,20.15,92.9,68.83,55,0,17.83,clear sky
556,Avera,US,2021-02-07 21:27:31,33.194,-82.5271,51.8,66,40,5.75,scattered clouds
557,Carauari,BR,2021-02-07 21:27:31,-4.8828,-66.8958,83.57,86,73,0.81,broken clouds
558,Sao Joao Del Rei,BR,2021-02-07 21:27:31,-21.1356,-44.2617,60.8,94,90,6.91,overcast clouds
559,La Baule-Escoublac,FR,2021-02-07 21:27:32,47.2922,-2.364,39.2,75,0,5.75,clear sky
